customer_id,first_name,last_name,email,segment
1,Dylan,Donovan,DylanDonovan@gmail.com,Corporate
2,Zachary,Fields,ZacharyFields@gmail.com,Consumer
3,Emily,Riley,EmilyRiley@gmail.com,Consumer
4,Nicholas,Adams,NicholasAdams@gmail.com,Consumer
5,Sarah,Stone,SarahStone@gmail.com,Home Office
6,Kathy,Davis,KathyDavis@gmail.com,Home Office
7,Craig,Whitaker,CraigWhitaker@gmail.com,Consumer
8,Rebecca,Martinez,RebeccaMartinez@gmail.com,Corporate
9,Connor,Buckley,ConnorBuckley@gmail.com,Corporate
10,Jesse,Peters,JessePeters@gmail.com,Consumer
11,Andrew,Gutierrez,AndrewGutierrez@gmail.com,Consumer
12,Marc,Mcdowell,MarcMcdowell@gmail.com,Home Office
13,Sandra,Rice,SandraRice@gmail.com,Corporate
14,Jonathan,Sanders,JonathanSanders@gmail.com,Home Office
15,Maria,Carpenter,MariaCarpenter@gmail.com,Home Office
16,George,Carlson,GeorgeCarlson@gmail.com,Home Office
17,Jose,Webster,JoseWebster@gmail.com,Home Office
18,Marissa,Santana,MarissaSantana@gmail.com,Home Office
19,Michelle,Mcknight,MichelleMcknight@gmail.com,Consumer
20,Krista,Martin,KristaMartin@gmail.com,Corporate
21,Michael,Esparza,MichaelEsparza@gmail.com,Consumer
22,Eric,Lin,EricLin@gmail.com,Home Office
23,Kimberly,Davis,KimberlyDavis@gmail.com,Consumer
24,Tommy,Mcconnell,TommyMcconnell@gmail.com,Corporate
25,Emma,Bailey,EmmaBailey@gmail.com,Consumer
26,Raymond,Lynch,RaymondLynch@gmail.com,Consumer
27,Elizabeth,Franklin,ElizabethFranklin@gmail.com,Home Office
28,Justin,Ferguson,JustinFerguson@gmail.com,Corporate
29,Jennifer,Dougherty,JenniferDougherty@gmail.com,Consumer
30,Kevin,Martinez,KevinMartinez@gmail.com,Home Office
31,Michael,Jones,MichaelJones@gmail.com,Consumer
32,Marissa,Brooks,MarissaBrooks@gmail.com,Consumer
33,Valerie,Lee,ValerieLee@gmail.com,Home Office
34,Joe,Hoffman,JoeHoffman@gmail.com,Corporate
35,Victor,Perkins,VictorPerkins@gmail.com,Home Office
36,Mary,Shelton,MaryShelton@gmail.com,Corporate
37,Larry,Jarvis,LarryJarvis@gmail.com,Consumer
38,Linda,Davis,LindaDavis@gmail.com,Corporate
39,Christian,Valdez,ChristianValdez@gmail.com,Home Office
40,George,White,GeorgeWhite@gmail.com,Corporate
41,Kelsey,Crawford,KelseyCrawford@gmail.com,Home Office
42,Kelly,Juarez,KellyJuarez@gmail.com,Corporate
43,Jose,Stephens,JoseStephens@gmail.com,Consumer
44,Christopher,Martinez,ChristopherMartinez@gmail.com,Home Office
45,Steven,Mitchell,StevenMitchell@gmail.com,Consumer
46,Craig,Johnson,CraigJohnson@gmail.com,Home Office
47,Garrett,Vega,GarrettVega@gmail.com,Corporate
48,Courtney,Burke,CourtneyBurke@gmail.com,Corporate
49,Jacqueline,Anderson,JacquelineAnderson@gmail.com,Home Office
50,Holly,Miller,HollyMiller@gmail.com,Home Office
51,Paul,Rivas,PaulRivas@gmail.com,Corporate
52,Mark,Mosley,MarkMosley@gmail.com,Home Office
53,Mckenzie,Morris,MckenzieMorris@gmail.com,Home Office
54,Dawn,Wagner,DawnWagner@gmail.com,Consumer
55,Adrienne,Stevens,AdrienneStevens@gmail.com,Consumer
56,Jacob,Williams,JacobWilliams@gmail.com,Consumer
57,Jessica,Price,JessicaPrice@gmail.com,Corporate
58,Katie,Nolan,KatieNolan@gmail.com,Corporate
59,Mary,Simpson,MarySimpson@gmail.com,Home Office
60,Michael,Choi,MichaelChoi@gmail.com,Consumer
61,Kari,Garcia,KariGarcia@gmail.com,Home Office
62,Lisa,Sullivan,LisaSullivan@gmail.com,Home Office
63,Marie,Lewis,MarieLewis@gmail.com,Corporate
64,Amy,Manning,AmyManning@gmail.com,Home Office
65,Frank,Thomas,FrankThomas@gmail.com,Corporate
66,Mary,Hood,MaryHood@gmail.com,Corporate
67,John,Nicholson,JohnNicholson@gmail.com,Corporate
68,Tonya,Torres,TonyaTorres@gmail.com,Home Office
69,Pamela,Edwards,PamelaEdwards@gmail.com,Consumer
70,Christine,Marquez,ChristineMarquez@gmail.com,Consumer
71,Misty,Roberts,MistyRoberts@gmail.com,Consumer
72,Alexandra,Daniels,AlexandraDaniels@gmail.com,Home Office
73,Courtney,Mathis,CourtneyMathis@gmail.com,Home Office
74,Robert,Acosta,RobertAcosta@gmail.com,Corporate
75,Jacob,Vincent,JacobVincent@gmail.com,Home Office
76,Charles,Hurley,CharlesHurley@gmail.com,Corporate
77,Michael,Newton,MichaelNewton@gmail.com,Corporate
78,Tina,Cox,TinaCox@gmail.com,Home Office
79,Katherine,Stewart,KatherineStewart@gmail.com,Home Office
80,Lisa,Wilson,LisaWilson@gmail.com,Consumer
81,Kelsey,Wilson,KelseyWilson@gmail.com,Corporate
82,Jim,Holmes,JimHolmes@gmail.com,Corporate
83,Meagan,Johnston,MeaganJohnston@gmail.com,Consumer
84,Kyle,Aguirre,KyleAguirre@gmail.com,Corporate
85,Marie,Frye,MarieFrye@gmail.com,Home Office
86,Brian,Powell,BrianPowell@gmail.com,Consumer
87,Thomas,Jones,ThomasJones@gmail.com,Corporate
88,Daisy,Rangel,DaisyRangel@gmail.com,Home Office
89,Michael,Williams,MichaelWilliams@gmail.com,Consumer
90,William,Dillon,WilliamDillon@gmail.com,Consumer
91,David,Lowery,DavidLowery@gmail.com,Home Office
92,Emily,Padilla,EmilyPadilla@gmail.com,Home Office
93,Stephanie,Marks,StephanieMarks@gmail.com,Home Office
94,Cameron,Meyers,CameronMeyers@gmail.com,Corporate
95,Nathan,Young,NathanYoung@gmail.com,Home Office
96,Shawn,Lin,ShawnLin@gmail.com,Corporate
97,Brian,Kemp,BrianKemp@gmail.com,Consumer
98,Clayton,Macdonald,ClaytonMacdonald@gmail.com,Consumer
99,Gina,Vincent,GinaVincent@gmail.com,Consumer
100,Elizabeth,Allen,ElizabethAllen@gmail.com,Corporate
101,Timothy,Santiago,TimothySantiago@gmail.com,Home Office
102,Juan,Thompson,JuanThompson@gmail.com,Home Office
103,Mark,Chen,MarkChen@gmail.com,Consumer
104,Stephanie,Pearson,StephaniePearson@gmail.com,Home Office
105,Justin,Lewis,JustinLewis@gmail.com,Home Office
106,Paul,Gray,PaulGray@gmail.com,Home Office
107,Natalie,Drake,NatalieDrake@gmail.com,Home Office
108,Daniel,Ward,DanielWard@gmail.com,Home Office
109,Alexis,Hernandez,AlexisHernandez@gmail.com,Home Office
110,David,Gonzales,DavidGonzales@gmail.com,Consumer
111,Larry,Spears,LarrySpears@gmail.com,Consumer
112,James,Smith,JamesSmith@gmail.com,Consumer
113,Jennifer,Young,JenniferYoung@gmail.com,Home Office
114,Jacob,Wilson,JacobWilson@gmail.com,Corporate
115,Maria,Blackwell,MariaBlackwell@gmail.com,Home Office
116,Andrew,Dunn,AndrewDunn@gmail.com,Consumer
117,Daniel,Forbes,DanielForbes@gmail.com,Home Office
118,Christian,Savage,ChristianSavage@gmail.com,Consumer
119,Jessica,Kim,JessicaKim@gmail.com,Consumer
120,Brian,Rogers,BrianRogers@gmail.com,Consumer
121,Michael,Stewart,MichaelStewart@gmail.com,Consumer
122,Cynthia,Owen,CynthiaOwen@gmail.com,Corporate
123,Stephanie,Simon,StephanieSimon@gmail.com,Home Office
124,Nathan,Thomas,NathanThomas@gmail.com,Home Office
125,Sean,King,SeanKing@gmail.com,Home Office
126,Elizabeth,Gomez,ElizabethGomez@gmail.com,Home Office
127,Melissa,Bush,MelissaBush@gmail.com,Consumer
128,Ryan,Clark,RyanClark@gmail.com,Corporate
129,Lynn,Watts,LynnWatts@gmail.com,Home Office
130,Shawn,Cunningham,ShawnCunningham@gmail.com,Consumer
131,Lauren,Sullivan,LaurenSullivan@gmail.com,Consumer
132,Carl,Graham,CarlGraham@gmail.com,Corporate
133,Amber,Brown,AmberBrown@gmail.com,Consumer
134,Ashley,Robinson,AshleyRobinson@gmail.com,Home Office
135,Charlotte,Winters,CharlotteWinters@gmail.com,Consumer
136,Virginia,Key,VirginiaKey@gmail.com,Consumer
137,Amanda,Mccann,AmandaMccann@gmail.com,Corporate
138,Lisa,Lopez,LisaLopez@gmail.com,Consumer
139,Jennifer,Roberts,JenniferRoberts@gmail.com,Consumer
140,Alan,Anderson,AlanAnderson@gmail.com,Consumer
141,Anne,Taylor,AnneTaylor@gmail.com,Consumer
142,Beth,Hicks,BethHicks@gmail.com,Consumer
143,Peter,Hayden,PeterHayden@gmail.com,Corporate
144,Jessica,Carpenter,JessicaCarpenter@gmail.com,Consumer
145,Robert,Price,RobertPrice@gmail.com,Corporate
146,Gabrielle,Chase,GabrielleChase@gmail.com,Corporate
147,Caroline,Olson,CarolineOlson@gmail.com,Corporate
148,Jonathan,White,JonathanWhite@gmail.com,Corporate
149,Anne,Sosa,AnneSosa@gmail.com,Home Office
150,Kristen,Morrow,KristenMorrow@gmail.com,Home Office
151,Charles,Hodge,CharlesHodge@gmail.com,Home Office
152,Chad,Foster,ChadFoster@gmail.com,Home Office
153,William,Taylor,WilliamTaylor@gmail.com,Consumer
154,Cynthia,Osborne,CynthiaOsborne@gmail.com,Corporate
155,Dwayne,Spencer,DwayneSpencer@gmail.com,Corporate
156,Aaron,Cole,AaronCole@gmail.com,Consumer
157,Rhonda,Lyons,RhondaLyons@gmail.com,Consumer
158,Stefanie,Roach,StefanieRoach@gmail.com,Home Office
159,Heather,Barnes,HeatherBarnes@gmail.com,Home Office
160,Brian,Martinez,BrianMartinez@gmail.com,Home Office
161,David,Watson,DavidWatson@gmail.com,Corporate
162,Hannah,Ho,HannahHo@gmail.com,Consumer
163,Joseph,Anderson,JosephAnderson@gmail.com,Corporate
164,Gina,Ramirez,GinaRamirez@gmail.com,Corporate
165,Theodore,Miller,TheodoreMiller@gmail.com,Corporate
166,Tammy,Morris,TammyMorris@gmail.com,Home Office
167,William,Carlson,WilliamCarlson@gmail.com,Home Office
168,Tonya,Simmons,TonyaSimmons@gmail.com,Home Office
169,Matthew,Johnson,MatthewJohnson@gmail.com,Home Office
170,Beth,Valencia,BethValencia@gmail.com,Consumer
171,James,Johnson,JamesJohnson@gmail.com,Corporate
172,Courtney,Lynch,CourtneyLynch@gmail.com,Corporate
173,Michael,Garcia,MichaelGarcia@gmail.com,Consumer
174,John,Scott,JohnScott@gmail.com,Consumer
175,Lindsey,Wilson,LindseyWilson@gmail.com,Home Office
176,Jennifer,Stewart,JenniferStewart@gmail.com,Home Office
177,Sarah,Dawson,SarahDawson@gmail.com,Corporate
178,Lisa,Burns,LisaBurns@gmail.com,Corporate
179,Nathan,Vaughan,NathanVaughan@gmail.com,Corporate
180,Elizabeth,Martinez,ElizabethMartinez@gmail.com,Consumer
181,Rebecca,Allison,RebeccaAllison@gmail.com,Corporate
182,Laura,Bailey,LauraBailey@gmail.com,Corporate
183,Chelsey,Davis,ChelseyDavis@gmail.com,Corporate
184,Julie,Rojas,JulieRojas@gmail.com,Consumer
185,Gregory,Lindsey,GregoryLindsey@gmail.com,Home Office
186,Barry,Downs,BarryDowns@gmail.com,Consumer
187,Ryan,Berry,RyanBerry@gmail.com,Corporate
188,Theresa,Schultz,TheresaSchultz@gmail.com,Corporate
189,Kenneth,Sims,KennethSims@gmail.com,Home Office
190,Michael,Martin,MichaelMartin@gmail.com,Corporate
191,Anthony,Rodriguez,AnthonyRodriguez@gmail.com,Corporate
192,Steven,Jones,StevenJones@gmail.com,Corporate
193,Erica,Cross,EricaCross@gmail.com,Corporate
194,Eric,Price,EricPrice@gmail.com,Consumer
195,Perry,Johnson,PerryJohnson@gmail.com,Consumer
196,Michael,Shannon,MichaelShannon@gmail.com,Consumer
197,Timothy,Jensen,TimothyJensen@gmail.com,Consumer
198,Lisa,Walker,LisaWalker@gmail.com,Corporate
199,Edward,Sutton,EdwardSutton@gmail.com,Corporate
200,Charles,Mullen,CharlesMullen@gmail.com,Consumer
201,Bradley,Wilkerson,BradleyWilkerson@gmail.com,Home Office
202,Sherry,Schmidt,SherrySchmidt@gmail.com,Consumer
203,Lisa,Holmes,LisaHolmes@gmail.com,Corporate
204,Amy,Cooper,AmyCooper@gmail.com,Home Office
205,Mary,Roberts,MaryRoberts@gmail.com,Home Office
206,Rhonda,Johnston,RhondaJohnston@gmail.com,Home Office
207,Donna,Ellis,DonnaEllis@gmail.com,Consumer
208,Martin,Rhodes,MartinRhodes@gmail.com,Consumer
209,Mathew,Smith,MathewSmith@gmail.com,Home Office
210,Lauren,Carpenter,LaurenCarpenter@gmail.com,Home Office
211,Amy,Hernandez,AmyHernandez@gmail.com,Home Office
212,Marissa,Mendez,MarissaMendez@gmail.com,Home Office
213,Andrea,Jackson,AndreaJackson@gmail.com,Home Office
214,Kevin,Patton,KevinPatton@gmail.com,Consumer
215,Danielle,Mitchell,DanielleMitchell@gmail.com,Consumer
216,Elizabeth,Bridges,ElizabethBridges@gmail.com,Corporate
217,Matthew,Hall,MatthewHall@gmail.com,Home Office
218,John,Johnson,JohnJohnson@gmail.com,Home Office
219,Michaela,Nguyen,MichaelaNguyen@gmail.com,Consumer
220,Martin,Leach,MartinLeach@gmail.com,Home Office
221,Emily,Best,EmilyBest@gmail.com,Home Office
222,Stephen,Phillips,StephenPhillips@gmail.com,Home Office
223,Lauren,Boone,LaurenBoone@gmail.com,Home Office
224,Sydney,Shaw,SydneyShaw@gmail.com,Corporate
225,Mark,Lane,MarkLane@gmail.com,Home Office
226,Sandra,Lewis,SandraLewis@gmail.com,Home Office
227,Kevin,Harris,KevinHarris@gmail.com,Home Office
228,Edward,Osborne,EdwardOsborne@gmail.com,Corporate
229,Carolyn,Evans,CarolynEvans@gmail.com,Consumer
230,Darren,Erickson,DarrenErickson@gmail.com,Consumer
231,Patrick,Munoz,PatrickMunoz@gmail.com,Home Office
232,Jonathon,Salas,JonathonSalas@gmail.com,Home Office
233,Julia,Martin,JuliaMartin@gmail.com,Home Office
234,Virginia,Thompson,VirginiaThompson@gmail.com,Consumer
235,Erica,Dominguez,EricaDominguez@gmail.com,Corporate
236,Larry,Wilson,LarryWilson@gmail.com,Corporate
237,Richard,Baker,RichardBaker@gmail.com,Home Office
238,Susan,Moreno,SusanMoreno@gmail.com,Home Office
239,Jason,Roy,JasonRoy@gmail.com,Home Office
240,Lori,Bush,LoriBush@gmail.com,Corporate
241,Ryan,Waller,RyanWaller@gmail.com,Home Office
242,Todd,Woods,ToddWoods@gmail.com,Home Office
243,Joanna,Knight,JoannaKnight@gmail.com,Corporate
244,Bill,Wilson,BillWilson@gmail.com,Corporate
245,Jared,Pitts,JaredPitts@gmail.com,Home Office
246,Sharon,Newton,SharonNewton@gmail.com,Home Office
247,Casey,Williams,CaseyWilliams@gmail.com,Corporate
248,Betty,Knight,BettyKnight@gmail.com,Consumer
249,Dawn,Vazquez,DawnVazquez@gmail.com,Corporate
250,Michelle,Stewart,MichelleStewart@gmail.com,Corporate
251,Stacy,Moyer,StacyMoyer@gmail.com,Consumer
252,David,Fox,DavidFox@gmail.com,Corporate
253,Sean,Hutchinson,SeanHutchinson@gmail.com,Consumer
254,Susan,Johnson,SusanJohnson@gmail.com,Consumer
255,Carolyn,Brown,CarolynBrown@gmail.com,Home Office
256,Sarah,Rivera,SarahRivera@gmail.com,Corporate
257,Autumn,Ramirez,AutumnRamirez@gmail.com,Corporate
258,Michelle,Lin,MichelleLin@gmail.com,Home Office
259,Eric,Cole,EricCole@gmail.com,Home Office
260,Joan,Rodriguez,JoanRodriguez@gmail.com,Consumer
261,Daniel,Weaver,DanielWeaver@gmail.com,Corporate
262,Richard,Watson,RichardWatson@gmail.com,Corporate
263,Christine,Rodriguez,ChristineRodriguez@gmail.com,Home Office
264,Linda,Butler,LindaButler@gmail.com,Corporate
265,Tasha,Cruz,TashaCruz@gmail.com,Home Office
266,Eric,Davis,EricDavis@gmail.com,Consumer
267,Derrick,Montoya,DerrickMontoya@gmail.com,Consumer
268,Veronica,Nelson,VeronicaNelson@gmail.com,Home Office
269,Olivia,Richardson,OliviaRichardson@gmail.com,Consumer
270,Jeffrey,Howard,JeffreyHoward@gmail.com,Consumer
271,Monica,Singleton,MonicaSingleton@gmail.com,Home Office
272,Gabriella,Curry,GabriellaCurry@gmail.com,Corporate
273,William,Ellis,WilliamEllis@gmail.com,Consumer
274,Patrick,Spencer,PatrickSpencer@gmail.com,Corporate
275,Ronald,Hernandez,RonaldHernandez@gmail.com,Home Office
276,Maria,Horne,MariaHorne@gmail.com,Corporate
277,Jackson,Booker,JacksonBooker@gmail.com,Consumer
278,Anne,Ramos,AnneRamos@gmail.com,Consumer
279,Kimberly,Stewart,KimberlyStewart@gmail.com,Corporate
280,Veronica,Frank,VeronicaFrank@gmail.com,Consumer
281,Scott,Schwartz,ScottSchwartz@gmail.com,Corporate
282,Loretta,Jacobs,LorettaJacobs@gmail.com,Consumer
283,Amber,Mayo,AmberMayo@gmail.com,Corporate
284,Melissa,Baldwin,MelissaBaldwin@gmail.com,Corporate
285,Christopher,Herrera,ChristopherHerrera@gmail.com,Corporate
286,Jenna,Butler,JennaButler@gmail.com,Corporate
287,Rebecca,Herrera,RebeccaHerrera@gmail.com,Corporate
288,Joseph,Estes,JosephEstes@gmail.com,Home Office
289,Stephanie,Thomas,StephanieThomas@gmail.com,Corporate
290,Elizabeth,Patterson,ElizabethPatterson@gmail.com,Corporate
291,Jasmin,Hamilton,JasminHamilton@gmail.com,Consumer
292,James,Farrell,JamesFarrell@gmail.com,Consumer
293,Gregory,Phillips,GregoryPhillips@gmail.com,Home Office
294,Robin,Wheeler,RobinWheeler@gmail.com,Consumer
295,John,Thompson,JohnThompson@gmail.com,Consumer
296,Melissa,Baker,MelissaBaker@gmail.com,Corporate
297,Elizabeth,Harding,ElizabethHarding@gmail.com,Home Office
298,Cameron,Singh,CameronSingh@gmail.com,Consumer
299,Brandi,Curry,BrandiCurry@gmail.com,Consumer
300,Rachel,Jackson,RachelJackson@gmail.com,Corporate
301,Stephen,James,StephenJames@gmail.com,Corporate
302,Charles,Frank,CharlesFrank@gmail.com,Corporate
303,Andrew,Wells,AndrewWells@gmail.com,Consumer
304,Brandon,Perez,BrandonPerez@gmail.com,Home Office
305,Robert,Sanchez,RobertSanchez@gmail.com,Consumer
306,Kristen,Lee,KristenLee@gmail.com,Home Office
307,Diana,Lindsey,DianaLindsey@gmail.com,Consumer
308,James,Morgan,JamesMorgan@gmail.com,Corporate
309,Jessica,Marshall,JessicaMarshall@gmail.com,Home Office
310,Nathan,Ayala,NathanAyala@gmail.com,Home Office
311,Melissa,Robinson,MelissaRobinson@gmail.com,Corporate
312,Renee,Bush,ReneeBush@gmail.com,Consumer
313,Chelsea,Dixon,ChelseaDixon@gmail.com,Corporate
314,Renee,Walker,ReneeWalker@gmail.com,Corporate
315,Laurie,Cunningham,LaurieCunningham@gmail.com,Consumer
316,Thomas,Dunn,ThomasDunn@gmail.com,Home Office
317,Connor,Robles,ConnorRobles@gmail.com,Home Office
318,Vernon,Hernandez,VernonHernandez@gmail.com,Home Office
319,Laura,Sampson,LauraSampson@gmail.com,Home Office
320,Brian,Garcia,BrianGarcia@gmail.com,Corporate
321,Melissa,Greene,MelissaGreene@gmail.com,Consumer
322,Ryan,Wilson,RyanWilson@gmail.com,Home Office
323,Haley,Taylor,HaleyTaylor@gmail.com,Corporate
324,Cory,Ramirez,CoryRamirez@gmail.com,Home Office
325,Carrie,Chase,CarrieChase@gmail.com,Consumer
326,Amanda,Smith,AmandaSmith@gmail.com,Home Office
327,David,Sherman,DavidSherman@gmail.com,Corporate
328,Shane,Austin,ShaneAustin@gmail.com,Corporate
329,Ashley,Barnes,AshleyBarnes@gmail.com,Corporate
330,Dean,Valdez,DeanValdez@gmail.com,Consumer
331,Jason,Mays,JasonMays@gmail.com,Home Office
332,Andrew,Schroeder,AndrewSchroeder@gmail.com,Home Office
333,Whitney,Rogers,WhitneyRogers@gmail.com,Corporate
334,Dakota,Dean,DakotaDean@gmail.com,Home Office
335,Brandon,Humphrey,BrandonHumphrey@gmail.com,Consumer
336,Maria,Castillo,MariaCastillo@gmail.com,Corporate
337,Jeffery,Rogers,JefferyRogers@gmail.com,Consumer
338,Heidi,Scott,HeidiScott@gmail.com,Home Office
339,Cynthia,Lewis,CynthiaLewis@gmail.com,Consumer
340,William,Jones,WilliamJones@gmail.com,Home Office
341,Anthony,Kelly,AnthonyKelly@gmail.com,Consumer
342,Curtis,Miller,CurtisMiller@gmail.com,Corporate
343,Heidi,Hart,HeidiHart@gmail.com,Home Office
344,Derek,Santiago,DerekSantiago@gmail.com,Corporate
345,Teresa,Watts,TeresaWatts@gmail.com,Corporate
346,Kristopher,Potts,KristopherPotts@gmail.com,Home Office
347,Kayla,Cruz,KaylaCruz@gmail.com,Home Office
348,Andrew,White,AndrewWhite@gmail.com,Home Office
349,James,Patterson,JamesPatterson@gmail.com,Corporate
350,Mary,Thompson,MaryThompson@gmail.com,Corporate
351,Brent,Schmidt,BrentSchmidt@gmail.com,Consumer
352,Walter,Nunez,WalterNunez@gmail.com,Home Office
353,Felicia,Nelson,FeliciaNelson@gmail.com,Home Office
354,Robert,Vasquez,RobertVasquez@gmail.com,Home Office
355,Kathleen,Moore,KathleenMoore@gmail.com,Corporate
356,Jeff,Ross,JeffRoss@gmail.com,Corporate
357,Jonathon,Clay,JonathonClay@gmail.com,Consumer
358,Laura,Berg,LauraBerg@gmail.com,Home Office
359,Kelsey,Allen,KelseyAllen@gmail.com,Home Office
360,Sean,Hoffman,SeanHoffman@gmail.com,Corporate
361,Lisa,Brennan,LisaBrennan@gmail.com,Corporate
362,Judith,Jones,JudithJones@gmail.com,Corporate
363,Sarah,Romero,SarahRomero@gmail.com,Consumer
364,Jeremy,Washington,JeremyWashington@gmail.com,Corporate
365,Amanda,Davis,AmandaDavis@gmail.com,Corporate
366,Robert,Parsons,RobertParsons@gmail.com,Corporate
367,Holly,Morgan,HollyMorgan@gmail.com,Corporate
368,Rebecca,Bryant,RebeccaBryant@gmail.com,Consumer
369,Amber,Wilson,AmberWilson@gmail.com,Corporate
370,Mary,Jackson,MaryJackson@gmail.com,Home Office
371,Michael,Mccann,MichaelMccann@gmail.com,Consumer
372,Cheryl,Burton,CherylBurton@gmail.com,Corporate
373,Christopher,Martinez,ChristopherMartinez@gmail.com,Consumer
374,Bobby,Gaines,BobbyGaines@gmail.com,Home Office
375,Bradley,Vega,BradleyVega@gmail.com,Home Office
376,Cynthia,Juarez,CynthiaJuarez@gmail.com,Consumer
377,Jared,Long,JaredLong@gmail.com,Corporate
378,Daniel,Nelson,DanielNelson@gmail.com,Home Office
379,Luis,Cook,LuisCook@gmail.com,Corporate
380,Lisa,Morris,LisaMorris@gmail.com,Corporate
381,Shawn,Gonzalez,ShawnGonzalez@gmail.com,Consumer
382,Michael,Brown,MichaelBrown@gmail.com,Home Office
383,Cody,Huang,CodyHuang@gmail.com,Consumer
384,Anthony,Wood,AnthonyWood@gmail.com,Corporate
385,Amy,Reynolds,AmyReynolds@gmail.com,Consumer
386,Dwayne,Turner,DwayneTurner@gmail.com,Consumer
387,Heather,Richardson,HeatherRichardson@gmail.com,Consumer
388,Theodore,Matthews,TheodoreMatthews@gmail.com,Corporate
389,Shawn,Wang,ShawnWang@gmail.com,Home Office
390,Erin,Larson,ErinLarson@gmail.com,Consumer
391,Craig,Gonzalez,CraigGonzalez@gmail.com,Corporate
392,Brent,Salazar,BrentSalazar@gmail.com,Corporate
393,Brandon,Collins,BrandonCollins@gmail.com,Corporate
394,Christopher,Walton,ChristopherWalton@gmail.com,Consumer
395,Randy,Soto,RandySoto@gmail.com,Consumer
396,Gregory,Bailey,GregoryBailey@gmail.com,Home Office
397,Cheryl,Ellison,CherylEllison@gmail.com,Consumer
398,Timothy,Flores,TimothyFlores@gmail.com,Corporate
399,Elizabeth,Mitchell,ElizabethMitchell@gmail.com,Corporate
400,Sean,Walker,SeanWalker@gmail.com,Consumer
401,Andrea,Baldwin,AndreaBaldwin@gmail.com,Corporate
402,David,Hampton,DavidHampton@gmail.com,Home Office
403,Andrew,Terry,AndrewTerry@gmail.com,Corporate
404,Jerry,Hall,JerryHall@gmail.com,Consumer
405,Beth,Gordon,BethGordon@gmail.com,Consumer
406,Lindsay,Wolf,LindsayWolf@gmail.com,Home Office
407,Amy,Robinson,AmyRobinson@gmail.com,Corporate
408,John,Duran,JohnDuran@gmail.com,Corporate
409,Hector,Gomez,HectorGomez@gmail.com,Corporate
410,John,Hanson,JohnHanson@gmail.com,Corporate
411,Daniel,Wong,DanielWong@gmail.com,Home Office
412,Richard,Finley,RichardFinley@gmail.com,Consumer
413,Jim,Glover,JimGlover@gmail.com,Home Office
414,Duane,Figueroa,DuaneFigueroa@gmail.com,Consumer
415,Michelle,Martinez,MichelleMartinez@gmail.com,Home Office
416,James,Little,JamesLittle@gmail.com,Consumer
417,Ashley,Solis,AshleySolis@gmail.com,Home Office
418,Deborah,Anderson,DeborahAnderson@gmail.com,Home Office
419,Joel,Howard,JoelHoward@gmail.com,Consumer
420,Anthony,Flores,AnthonyFlores@gmail.com,Home Office
421,Julie,Garcia,JulieGarcia@gmail.com,Consumer
422,Kelly,Brown,KellyBrown@gmail.com,Home Office
423,Karen,Martinez,KarenMartinez@gmail.com,Consumer
424,Christopher,Smith,ChristopherSmith@gmail.com,Home Office
425,Travis,Miranda,TravisMiranda@gmail.com,Corporate
426,Meghan,Baird,MeghanBaird@gmail.com,Home Office
427,Alexander,Moore,AlexanderMoore@gmail.com,Home Office
428,Emma,Herring,EmmaHerring@gmail.com,Consumer
429,Marcus,Orozco,MarcusOrozco@gmail.com,Home Office
430,Paul,Ruiz,PaulRuiz@gmail.com,Home Office
431,Tonya,Scott,TonyaScott@gmail.com,Home Office
432,Angela,Farmer,AngelaFarmer@gmail.com,Consumer
433,Felicia,Gomez,FeliciaGomez@gmail.com,Corporate
434,Crystal,Owens,CrystalOwens@gmail.com,Consumer
435,John,Trujillo,JohnTrujillo@gmail.com,Corporate
436,Stephen,Barnes,StephenBarnes@gmail.com,Consumer
437,Becky,Chavez,BeckyChavez@gmail.com,Corporate
438,Michael,Ortiz,MichaelOrtiz@gmail.com,Corporate
439,Joseph,Campbell,JosephCampbell@gmail.com,Corporate
440,Sherry,Brock,SherryBrock@gmail.com,Home Office
441,Heather,Vega,HeatherVega@gmail.com,Home Office
442,Martha,Rivera,MarthaRivera@gmail.com,Consumer
443,Lydia,Hill,LydiaHill@gmail.com,Corporate
444,Jennifer,Mason,JenniferMason@gmail.com,Corporate
445,Ashley,Cross,AshleyCross@gmail.com,Corporate
446,Valerie,Hernandez,ValerieHernandez@gmail.com,Home Office
447,Lisa,Smith,LisaSmith@gmail.com,Consumer
448,Sean,Elliott,SeanElliott@gmail.com,Corporate
449,Yvonne,Johnson,YvonneJohnson@gmail.com,Home Office
450,Richard,Krause,RichardKrause@gmail.com,Consumer
451,Kathy,Dixon,KathyDixon@gmail.com,Home Office
452,Donna,Guerrero,DonnaGuerrero@gmail.com,Home Office
453,Anthony,Davis,AnthonyDavis@gmail.com,Consumer
454,Megan,Kim,MeganKim@gmail.com,Consumer
455,Jennifer,Hall,JenniferHall@gmail.com,Home Office
456,Neil,Martin,NeilMartin@gmail.com,Corporate
457,Gregory,Stokes,GregoryStokes@gmail.com,Corporate
458,Anthony,Harris,AnthonyHarris@gmail.com,Consumer
459,Jennifer,Buchanan,JenniferBuchanan@gmail.com,Consumer
460,Cody,Mayer,CodyMayer@gmail.com,Consumer
461,Anthony,Ellis,AnthonyEllis@gmail.com,Home Office
462,Leah,Stewart,LeahStewart@gmail.com,Home Office
463,Terri,Payne,TerriPayne@gmail.com,Corporate
464,Noah,Myers,NoahMyers@gmail.com,Corporate
465,Maria,Marshall,MariaMarshall@gmail.com,Home Office
466,Lisa,Rowe,LisaRowe@gmail.com,Corporate
467,Christopher,Fitzgerald,ChristopherFitzgerald@gmail.com,Corporate
468,Lindsay,Martin,LindsayMartin@gmail.com,Corporate
469,James,Hale,JamesHale@gmail.com,Consumer
470,Jodi,Huang,JodiHuang@gmail.com,Home Office
471,Erica,Wright,EricaWright@gmail.com,Corporate
472,Tony,Brandt,TonyBrandt@gmail.com,Corporate
473,Jose,Hicks,JoseHicks@gmail.com,Home Office
474,Michelle,Bray,MichelleBray@gmail.com,Corporate
475,Michael,King,MichaelKing@gmail.com,Corporate
476,Alice,Smith,AliceSmith@gmail.com,Corporate
477,Amanda,Snyder,AmandaSnyder@gmail.com,Corporate
478,Jason,Castaneda,JasonCastaneda@gmail.com,Corporate
479,John,Rodriguez,JohnRodriguez@gmail.com,Consumer
480,Amanda,Chung,AmandaChung@gmail.com,Corporate
481,Melanie,Cook,MelanieCook@gmail.com,Consumer
482,David,Green,DavidGreen@gmail.com,Consumer
483,Cynthia,Powell,CynthiaPowell@gmail.com,Home Office
484,Vincent,Jones,VincentJones@gmail.com,Corporate
485,Julie,Miles,JulieMiles@gmail.com,Corporate
486,Ryan,Glenn,RyanGlenn@gmail.com,Consumer
487,Daniel,Morales,DanielMorales@gmail.com,Corporate
488,Amy,Peters,AmyPeters@gmail.com,Home Office
489,Matthew,Huffman,MatthewHuffman@gmail.com,Consumer
490,Monica,Aguilar,MonicaAguilar@gmail.com,Consumer
491,Rachel,Williams,RachelWilliams@gmail.com,Home Office
492,Lisa,Robinson,LisaRobinson@gmail.com,Consumer
493,Eddie,Walker,EddieWalker@gmail.com,Consumer
494,Samantha,Watson,SamanthaWatson@gmail.com,Corporate
495,Brian,Hanson,BrianHanson@gmail.com,Home Office
496,Megan,Barnes,MeganBarnes@gmail.com,Consumer
497,Brenda,Griffin,BrendaGriffin@gmail.com,Home Office
498,Ann,Mayo,AnnMayo@gmail.com,Corporate
499,Ashley,Keller,AshleyKeller@gmail.com,Home Office
500,Tiffany,Butler,TiffanyButler@gmail.com,Home Office
501,Marc,Hawkins,MarcHawkins@gmail.com,Home Office
502,Brooke,Burton,BrookeBurton@gmail.com,Consumer
503,Christopher,Miller,ChristopherMiller@gmail.com,Home Office
504,Derrick,Lopez,DerrickLopez@gmail.com,Home Office
505,John,Stevens,JohnStevens@gmail.com,Consumer
506,Scott,Figueroa,ScottFigueroa@gmail.com,Home Office
507,Richard,Craig,RichardCraig@gmail.com,Home Office
508,Cynthia,Smith,CynthiaSmith@gmail.com,Consumer
509,Timothy,Dougherty,TimothyDougherty@gmail.com,Home Office
510,Cynthia,Mendoza,CynthiaMendoza@gmail.com,Corporate
511,Roger,Reyes,RogerReyes@gmail.com,Corporate
512,Christina,Herrera,ChristinaHerrera@gmail.com,Corporate
513,Tamara,Flores,TamaraFlores@gmail.com,Consumer
514,Sarah,Yates,SarahYates@gmail.com,Home Office
515,Christopher,Spencer,ChristopherSpencer@gmail.com,Consumer
516,Rachael,Miller,RachaelMiller@gmail.com,Consumer
517,Matthew,Scott,MatthewScott@gmail.com,Home Office
518,Thomas,Allen,ThomasAllen@gmail.com,Home Office
519,Gerald,Brown,GeraldBrown@gmail.com,Home Office
520,Elizabeth,Brown,ElizabethBrown@gmail.com,Home Office
521,Angela,Walker,AngelaWalker@gmail.com,Corporate
522,Crystal,Webb,CrystalWebb@gmail.com,Corporate
523,Cynthia,Rivera,CynthiaRivera@gmail.com,Corporate
524,Jessica,Ramos,JessicaRamos@gmail.com,Consumer
525,Joshua,Jones,JoshuaJones@gmail.com,Home Office
526,Ryan,Crawford,RyanCrawford@gmail.com,Corporate
527,Andrew,Hardin,AndrewHardin@gmail.com,Home Office
528,Samuel,Rosario,SamuelRosario@gmail.com,Home Office
529,Shane,Butler,ShaneButler@gmail.com,Consumer
530,Andrew,Guzman,AndrewGuzman@gmail.com,Corporate
531,Ryan,Rose,RyanRose@gmail.com,Home Office
532,Daniel,Williams,DanielWilliams@gmail.com,Consumer
533,Lori,Vasquez,LoriVasquez@gmail.com,Corporate
534,Benjamin,Wilson,BenjaminWilson@gmail.com,Corporate
535,Marvin,Johnson,MarvinJohnson@gmail.com,Consumer
536,Cynthia,Cox,CynthiaCox@gmail.com,Corporate
537,Debra,Barajas,DebraBarajas@gmail.com,Home Office
538,Diane,Patterson,DianePatterson@gmail.com,Home Office
539,Chad,Hudson,ChadHudson@gmail.com,Consumer
540,Scott,Trevino,ScottTrevino@gmail.com,Corporate
541,Shawn,Roberts,ShawnRoberts@gmail.com,Consumer
542,April,Morris,AprilMorris@gmail.com,Corporate
543,David,Mccullough,DavidMccullough@gmail.com,Consumer
544,Maria,Campos,MariaCampos@gmail.com,Home Office
545,Andrew,Johnson,AndrewJohnson@gmail.com,Home Office
546,Dawn,Smith,DawnSmith@gmail.com,Corporate
547,Christine,Irwin,ChristineIrwin@gmail.com,Consumer
548,Chris,Clark,ChrisClark@gmail.com,Consumer
549,Adam,Allen,AdamAllen@gmail.com,Corporate
550,Brandon,Alvarado,BrandonAlvarado@gmail.com,Home Office
551,Anita,Carter,AnitaCarter@gmail.com,Corporate
552,Ian,Thomas,IanThomas@gmail.com,Consumer
553,Brett,Baker,BrettBaker@gmail.com,Corporate
554,Dustin,Evans,DustinEvans@gmail.com,Home Office
555,Daniel,Rogers,DanielRogers@gmail.com,Consumer
556,Elizabeth,Davis,ElizabethDavis@gmail.com,Corporate
557,Teresa,Cook,TeresaCook@gmail.com,Corporate
558,Jason,Benton,JasonBenton@gmail.com,Home Office
559,Paul,Martinez,PaulMartinez@gmail.com,Consumer
560,John,Robinson,JohnRobinson@gmail.com,Consumer
561,John,Vasquez,JohnVasquez@gmail.com,Consumer
562,Donna,Grant,DonnaGrant@gmail.com,Consumer
563,Joseph,Bell,JosephBell@gmail.com,Consumer
564,Miranda,Mcpherson,MirandaMcpherson@gmail.com,Corporate
565,James,Tucker,JamesTucker@gmail.com,Home Office
566,George,Gomez,GeorgeGomez@gmail.com,Corporate
567,Michelle,Williams,MichelleWilliams@gmail.com,Corporate
568,Jeffrey,Martin,JeffreyMartin@gmail.com,Home Office
569,Dana,Cruz,DanaCruz@gmail.com,Corporate
570,Dawn,Martin,DawnMartin@gmail.com,Home Office
571,Matthew,Walters,MatthewWalters@gmail.com,Corporate
572,John,Hill,JohnHill@gmail.com,Corporate
573,Jennifer,Lopez,JenniferLopez@gmail.com,Home Office
574,Taylor,Perez,TaylorPerez@gmail.com,Corporate
575,Jennifer,Ortiz,JenniferOrtiz@gmail.com,Corporate
576,Erin,Collins,ErinCollins@gmail.com,Home Office
577,Roy,Warner,RoyWarner@gmail.com,Consumer
578,Joseph,Wise,JosephWise@gmail.com,Consumer
579,Brittany,Alvarado,BrittanyAlvarado@gmail.com,Corporate
580,Leslie,Gillespie,LeslieGillespie@gmail.com,Home Office
581,Jacob,Lewis,JacobLewis@gmail.com,Consumer
582,Neil,Hill,NeilHill@gmail.com,Consumer
583,Michael,Figueroa,MichaelFigueroa@gmail.com,Consumer
584,Mary,Huber,MaryHuber@gmail.com,Corporate
585,Kimberly,Gonzalez,KimberlyGonzalez@gmail.com,Corporate
586,Andrew,Ross,AndrewRoss@gmail.com,Consumer
587,Christopher,Moore,ChristopherMoore@gmail.com,Home Office
588,Carla,Mcintyre,CarlaMcintyre@gmail.com,Consumer
589,Timothy,Shepard,TimothyShepard@gmail.com,Consumer
590,Brian,Morales,BrianMorales@gmail.com,Home Office
591,Julie,Walker,JulieWalker@gmail.com,Home Office
592,Julie,Williams,JulieWilliams@gmail.com,Corporate
593,Veronica,Mitchell,VeronicaMitchell@gmail.com,Home Office
594,Daniel,Gonzalez,DanielGonzalez@gmail.com,Consumer
595,Angela,Wilson,AngelaWilson@gmail.com,Corporate
596,Keith,Peterson,KeithPeterson@gmail.com,Consumer
597,Randy,Rose,RandyRose@gmail.com,Consumer
598,Cody,Pitts,CodyPitts@gmail.com,Corporate
599,Joseph,Mendoza,JosephMendoza@gmail.com,Consumer
600,Dana,Johnson,DanaJohnson@gmail.com,Home Office
601,Shannon,Cook,ShannonCook@gmail.com,Home Office
602,Colleen,Torres,ColleenTorres@gmail.com,Corporate
603,Russell,Davis,RussellDavis@gmail.com,Corporate
604,Matthew,Fowler,MatthewFowler@gmail.com,Consumer
605,Brian,Shaw,BrianShaw@gmail.com,Corporate
606,Jason,Howell,JasonHowell@gmail.com,Consumer
607,Brenda,Nicholson,BrendaNicholson@gmail.com,Home Office
608,Michael,Riggs,MichaelRiggs@gmail.com,Home Office
609,Leslie,Morgan,LeslieMorgan@gmail.com,Consumer
610,Christopher,Summers,ChristopherSummers@gmail.com,Home Office
611,Joseph,Saunders,JosephSaunders@gmail.com,Corporate
612,Jacqueline,Cortez,JacquelineCortez@gmail.com,Home Office
613,Michele,Webb,MicheleWebb@gmail.com,Home Office
614,Taylor,Smith,TaylorSmith@gmail.com,Corporate
615,Brian,Moore,BrianMoore@gmail.com,Home Office
616,Travis,Barber,TravisBarber@gmail.com,Home Office
617,Kelsey,Oconnor,KelseyOconnor@gmail.com,Home Office
618,Nicholas,Reilly,NicholasReilly@gmail.com,Corporate
619,Jennifer,Thomas,JenniferThomas@gmail.com,Home Office
620,Lisa,Spears,LisaSpears@gmail.com,Home Office
621,Anthony,Guerrero,AnthonyGuerrero@gmail.com,Corporate
622,Kylie,Kim,KylieKim@gmail.com,Home Office
623,Rebecca,Logan,RebeccaLogan@gmail.com,Corporate
624,Michael,Johnson,MichaelJohnson@gmail.com,Corporate
625,Robert,Holland,RobertHolland@gmail.com,Consumer
626,Kathleen,Cannon,KathleenCannon@gmail.com,Corporate
627,Jason,James,JasonJames@gmail.com,Corporate
628,Cindy,Boyd,CindyBoyd@gmail.com,Consumer
629,Hailey,Haas,HaileyHaas@gmail.com,Home Office
630,Charles,Roberts,CharlesRoberts@gmail.com,Corporate
631,George,Garcia,GeorgeGarcia@gmail.com,Corporate
632,Jerry,Brennan,JerryBrennan@gmail.com,Consumer
633,Daniel,Clark,DanielClark@gmail.com,Consumer
634,Daniel,Graham,DanielGraham@gmail.com,Home Office
635,Jeffrey,Mckee,JeffreyMckee@gmail.com,Consumer
636,Steven,Rowe,StevenRowe@gmail.com,Home Office
637,Sharon,Perkins,SharonPerkins@gmail.com,Home Office
638,Angela,Lucas,AngelaLucas@gmail.com,Home Office
639,Allison,Gomez,AllisonGomez@gmail.com,Home Office
640,Matthew,Martin,MatthewMartin@gmail.com,Corporate
641,Ryan,Rojas,RyanRojas@gmail.com,Corporate
642,Hannah,Yates,HannahYates@gmail.com,Consumer
643,Bradley,Mcbride,BradleyMcbride@gmail.com,Corporate
644,John,Randall,JohnRandall@gmail.com,Consumer
645,Steven,Mclaughlin,StevenMclaughlin@gmail.com,Corporate
646,Pamela,Mckenzie,PamelaMckenzie@gmail.com,Home Office
647,Matthew,Martinez,MatthewMartinez@gmail.com,Home Office
648,Brenda,Jones,BrendaJones@gmail.com,Home Office
649,Brian,Burns,BrianBurns@gmail.com,Home Office
650,Arthur,Cox,ArthurCox@gmail.com,Consumer
651,Brittany,Day,BrittanyDay@gmail.com,Home Office
652,Christine,Harrell,ChristineHarrell@gmail.com,Home Office
653,Thomas,Wallace,ThomasWallace@gmail.com,Corporate
654,Steven,Johnson,StevenJohnson@gmail.com,Corporate
655,Sean,Young,SeanYoung@gmail.com,Corporate
656,Crystal,Wade,CrystalWade@gmail.com,Consumer
657,Lucas,Yang,LucasYang@gmail.com,Corporate
658,Jeremy,Boone,JeremyBoone@gmail.com,Corporate
659,Christopher,Grant,ChristopherGrant@gmail.com,Corporate
660,Sierra,Thomas,SierraThomas@gmail.com,Home Office
661,Clayton,Gonzalez,ClaytonGonzalez@gmail.com,Home Office
662,Randy,Lee,RandyLee@gmail.com,Home Office
663,Donna,Giles,DonnaGiles@gmail.com,Corporate
664,Shawn,Carr,ShawnCarr@gmail.com,Corporate
665,Robert,Bowman,RobertBowman@gmail.com,Consumer
666,Trevor,Kelley,TrevorKelley@gmail.com,Home Office
667,Breanna,Burton,BreannaBurton@gmail.com,Corporate
668,Erin,Atkins,ErinAtkins@gmail.com,Consumer
669,Joshua,Price,JoshuaPrice@gmail.com,Home Office
670,David,Smith,DavidSmith@gmail.com,Corporate
671,Beverly,Rodriguez,BeverlyRodriguez@gmail.com,Consumer
672,Anthony,Carroll,AnthonyCarroll@gmail.com,Consumer
673,Tiffany,Brooks,TiffanyBrooks@gmail.com,Consumer
674,David,Robinson,DavidRobinson@gmail.com,Consumer
675,Rachel,Conner,RachelConner@gmail.com,Corporate
676,Elizabeth,Conner,ElizabethConner@gmail.com,Home Office
677,Jason,Adams,JasonAdams@gmail.com,Consumer
678,Vincent,Booth,VincentBooth@gmail.com,Consumer
679,Angela,Guerrero,AngelaGuerrero@gmail.com,Consumer
680,Robert,Lloyd,RobertLloyd@gmail.com,Consumer
681,Christina,Peters,ChristinaPeters@gmail.com,Consumer
682,Robert,Chen,RobertChen@gmail.com,Home Office
683,Matthew,Lin,MatthewLin@gmail.com,Consumer
684,Steven,Lee,StevenLee@gmail.com,Corporate
685,Mary,Evans,MaryEvans@gmail.com,Consumer
686,Colin,Kennedy,ColinKennedy@gmail.com,Consumer
687,William,Perez,WilliamPerez@gmail.com,Corporate
688,Timothy,Blake,TimothyBlake@gmail.com,Corporate
689,Katrina,Harris,KatrinaHarris@gmail.com,Corporate
690,Carly,Beasley,CarlyBeasley@gmail.com,Consumer
691,Richard,Mccarty,RichardMccarty@gmail.com,Corporate
692,Patrick,Rodriguez,PatrickRodriguez@gmail.com,Home Office
693,Kimberly,Park,KimberlyPark@gmail.com,Consumer
694,Katelyn,Kane,KatelynKane@gmail.com,Corporate
695,Ian,Wood,IanWood@gmail.com,Consumer
696,Jane,Morris,JaneMorris@gmail.com,Corporate
697,Latasha,Flores,LatashaFlores@gmail.com,Consumer
698,John,Harper,JohnHarper@gmail.com,Home Office
699,Carol,Rodriguez,CarolRodriguez@gmail.com,Consumer
700,Bethany,Johnson,BethanyJohnson@gmail.com,Consumer
701,John,Green,JohnGreen@gmail.com,Consumer
702,Suzanne,Lopez,SuzanneLopez@gmail.com,Consumer
703,Amy,Knight,AmyKnight@gmail.com,Consumer
704,Willie,Garcia,WillieGarcia@gmail.com,Corporate
705,Kara,Joseph,KaraJoseph@gmail.com,Consumer
706,Tonya,Hayes,TonyaHayes@gmail.com,Corporate
707,Randy,Harper,RandyHarper@gmail.com,Consumer
708,Michael,Ward,MichaelWard@gmail.com,Corporate
709,Steven,Mccarthy,StevenMccarthy@gmail.com,Corporate
710,Glenn,Burke,GlennBurke@gmail.com,Corporate
711,Charles,Hood,CharlesHood@gmail.com,Corporate
712,Robin,Lopez,RobinLopez@gmail.com,Corporate
713,Dwayne,Perry,DwaynePerry@gmail.com,Corporate
714,Breanna,Carrillo,BreannaCarrillo@gmail.com,Home Office
715,Michael,Knight,MichaelKnight@gmail.com,Home Office
716,Shannon,Jackson,ShannonJackson@gmail.com,Consumer
717,Michael,Russell,MichaelRussell@gmail.com,Home Office
718,Mary,Gilbert,MaryGilbert@gmail.com,Consumer
719,Anthony,Hill,AnthonyHill@gmail.com,Home Office
720,Jeffrey,Cervantes,JeffreyCervantes@gmail.com,Home Office
721,Teresa,Smith,TeresaSmith@gmail.com,Home Office
722,Ashley,Haynes,AshleyHaynes@gmail.com,Consumer
723,Dawn,Harding,DawnHarding@gmail.com,Home Office
724,Alicia,Smith,AliciaSmith@gmail.com,Home Office
725,Thomas,Lopez,ThomasLopez@gmail.com,Home Office
726,Andrea,York,AndreaYork@gmail.com,Home Office
727,Rebecca,Carter,RebeccaCarter@gmail.com,Home Office
728,Ryan,Coleman,RyanColeman@gmail.com,Home Office
729,Karla,Martinez,KarlaMartinez@gmail.com,Consumer
730,Matthew,Gutierrez,MatthewGutierrez@gmail.com,Consumer
731,Sarah,Bauer,SarahBauer@gmail.com,Consumer
732,John,Jones,JohnJones@gmail.com,Corporate
733,Christopher,Lopez,ChristopherLopez@gmail.com,Corporate
734,Shawn,Griffin,ShawnGriffin@gmail.com,Corporate
735,Penny,Decker,PennyDecker@gmail.com,Home Office
736,Bianca,Burnett,BiancaBurnett@gmail.com,Home Office
737,Ronnie,Miller,RonnieMiller@gmail.com,Corporate
738,Jamie,Boyer,JamieBoyer@gmail.com,Home Office
739,Jane,Nguyen,JaneNguyen@gmail.com,Consumer
740,Melissa,Parker,MelissaParker@gmail.com,Corporate
741,Miranda,Love,MirandaLove@gmail.com,Corporate
742,Linda,Thomas,LindaThomas@gmail.com,Consumer
743,Carl,Cooper,CarlCooper@gmail.com,Consumer
744,Anna,Hansen,AnnaHansen@gmail.com,Consumer
745,Laura,Duke,LauraDuke@gmail.com,Home Office
746,Kelly,Joseph,KellyJoseph@gmail.com,Corporate
747,Michael,Vaughan,MichaelVaughan@gmail.com,Consumer
748,Daniel,Hernandez,DanielHernandez@gmail.com,Consumer
749,Elizabeth,Wilkinson,ElizabethWilkinson@gmail.com,Consumer
750,Amanda,Anderson,AmandaAnderson@gmail.com,Consumer
751,Tamara,Martin,TamaraMartin@gmail.com,Corporate
752,Joseph,Anthony,JosephAnthony@gmail.com,Corporate
753,Barry,Davis,BarryDavis@gmail.com,Consumer
754,Holly,Miller,HollyMiller@gmail.com,Consumer
755,Patricia,Wiggins,PatriciaWiggins@gmail.com,Corporate
756,Brianna,Padilla,BriannaPadilla@gmail.com,Consumer
757,Andrew,Wright,AndrewWright@gmail.com,Corporate
758,Jennifer,Osborn,JenniferOsborn@gmail.com,Consumer
759,Jeffrey,Watson,JeffreyWatson@gmail.com,Corporate
760,Jessica,Franklin,JessicaFranklin@gmail.com,Consumer
761,Jonathon,Anderson,JonathonAnderson@gmail.com,Home Office
762,Andrea,Webster,AndreaWebster@gmail.com,Home Office
763,Kelly,Hawkins,KellyHawkins@gmail.com,Home Office
764,George,Ruiz,GeorgeRuiz@gmail.com,Home Office
765,Jill,Cain,JillCain@gmail.com,Home Office
766,Joseph,Mills,JosephMills@gmail.com,Corporate
767,Kristine,Smith,KristineSmith@gmail.com,Home Office
768,Hannah,Rogers,HannahRogers@gmail.com,Corporate
769,Thomas,Hampton,ThomasHampton@gmail.com,Corporate
770,Heather,Miller,HeatherMiller@gmail.com,Home Office
771,Matthew,Hernandez,MatthewHernandez@gmail.com,Consumer
772,Sierra,Bird,SierraBird@gmail.com,Consumer
773,Susan,Washington,SusanWashington@gmail.com,Consumer
774,Paul,Wright,PaulWright@gmail.com,Consumer
775,Nicholas,Howard,NicholasHoward@gmail.com,Home Office
776,Eric,Spencer,EricSpencer@gmail.com,Consumer
777,Janet,Hines,JanetHines@gmail.com,Home Office
778,Donna,Simpson,DonnaSimpson@gmail.com,Corporate
779,Melinda,Reed,MelindaReed@gmail.com,Home Office
780,Micheal,Owens,MichealOwens@gmail.com,Consumer
781,Justin,Smith,JustinSmith@gmail.com,Consumer
782,Michele,Ball,MicheleBall@gmail.com,Consumer
783,Laurie,Reynolds,LaurieReynolds@gmail.com,Home Office
784,Jeff,Thompson,JeffThompson@gmail.com,Consumer
785,Nicholas,Martin,NicholasMartin@gmail.com,Home Office
786,Mary,Baldwin,MaryBaldwin@gmail.com,Consumer
787,Erin,Johnson,ErinJohnson@gmail.com,Consumer
788,Gary,Conner,GaryConner@gmail.com,Consumer
789,Tyler,Cunningham,TylerCunningham@gmail.com,Home Office
790,Jesus,Graham,JesusGraham@gmail.com,Consumer
791,Michelle,Duncan,MichelleDuncan@gmail.com,Corporate
792,Emily,Potter,EmilyPotter@gmail.com,Corporate
793,Christina,Smith,ChristinaSmith@gmail.com,Corporate
794,Steven,Gomez,StevenGomez@gmail.com,Consumer
795,Edwin,Martinez,EdwinMartinez@gmail.com,Corporate
796,Justin,Villanueva,JustinVillanueva@gmail.com,Home Office
797,Sonya,Hobbs,SonyaHobbs@gmail.com,Corporate
798,Lindsay,French,LindsayFrench@gmail.com,Corporate
799,Christopher,Johnson,ChristopherJohnson@gmail.com,Corporate
800,Jonathan,Harrington,JonathanHarrington@gmail.com,Consumer
801,Michelle,Ray,MichelleRay@gmail.com,Consumer
802,Adam,Parrish,AdamParrish@gmail.com,Home Office
803,Jenna,Melendez,JennaMelendez@gmail.com,Corporate
804,Daniel,Anderson,DanielAnderson@gmail.com,Corporate
805,John,Gutierrez,JohnGutierrez@gmail.com,Corporate
806,Sheryl,Phillips,SherylPhillips@gmail.com,Home Office
807,Michael,Hester,MichaelHester@gmail.com,Home Office
808,Jeanne,Ramos,JeanneRamos@gmail.com,Consumer
809,Peter,Gutierrez,PeterGutierrez@gmail.com,Home Office
810,Brandi,Brown,BrandiBrown@gmail.com,Corporate
811,Christine,Hughes,ChristineHughes@gmail.com,Home Office
812,Tyler,Fernandez,TylerFernandez@gmail.com,Corporate
813,Patricia,Jenkins,PatriciaJenkins@gmail.com,Corporate
814,Joseph,Peterson,JosephPeterson@gmail.com,Consumer
815,Katie,Montoya,KatieMontoya@gmail.com,Home Office
816,Joseph,Lamb,JosephLamb@gmail.com,Home Office
817,Gina,Williams,GinaWilliams@gmail.com,Home Office
818,Mariah,Watson,MariahWatson@gmail.com,Corporate
819,Timothy,Howard,TimothyHoward@gmail.com,Corporate
820,Rachael,Acosta,RachaelAcosta@gmail.com,Consumer
821,Crystal,Carter,CrystalCarter@gmail.com,Home Office
822,Tammy,Peters,TammyPeters@gmail.com,Corporate
823,Robert,Hammond,RobertHammond@gmail.com,Consumer
824,John,Grant,JohnGrant@gmail.com,Consumer
825,Chelsea,Hernandez,ChelseaHernandez@gmail.com,Corporate
826,Laura,Hanna,LauraHanna@gmail.com,Home Office
827,Steven,Le,StevenLe@gmail.com,Home Office
828,Heather,Taylor,HeatherTaylor@gmail.com,Corporate
829,Brandi,Johnson,BrandiJohnson@gmail.com,Home Office
830,Nicole,Carpenter,NicoleCarpenter@gmail.com,Home Office
831,Andrew,Rivers,AndrewRivers@gmail.com,Home Office
832,Kathleen,Spencer,KathleenSpencer@gmail.com,Consumer
833,Jody,Lopez,JodyLopez@gmail.com,Corporate
834,Andrea,Rivera,AndreaRivera@gmail.com,Home Office
835,Christy,Allen,ChristyAllen@gmail.com,Consumer
836,Robert,Roberts,RobertRoberts@gmail.com,Consumer
837,Steven,Long,StevenLong@gmail.com,Corporate
838,Andrew,Waters,AndrewWaters@gmail.com,Home Office
839,James,Larson,JamesLarson@gmail.com,Consumer
840,Harry,Allen,HarryAllen@gmail.com,Corporate
841,Wanda,Morris,WandaMorris@gmail.com,Home Office
842,Kelly,Foster,KellyFoster@gmail.com,Home Office
843,William,Wilkinson,WilliamWilkinson@gmail.com,Corporate
844,Melissa,Barton,MelissaBarton@gmail.com,Corporate
845,Christopher,Fuentes,ChristopherFuentes@gmail.com,Consumer
846,Sierra,Rios,SierraRios@gmail.com,Home Office
847,Sara,Hull,SaraHull@gmail.com,Consumer
848,Aaron,Cole,AaronCole@gmail.com,Consumer
849,Barry,King,BarryKing@gmail.com,Home Office
850,Dennis,Lane,DennisLane@gmail.com,Corporate
851,Lauren,Avila,LaurenAvila@gmail.com,Corporate
852,Amy,Torres,AmyTorres@gmail.com,Corporate
853,Ricardo,Aguirre,RicardoAguirre@gmail.com,Corporate
854,Nicole,Rivera,NicoleRivera@gmail.com,Consumer
855,Brian,Freeman,BrianFreeman@gmail.com,Corporate
856,Brian,Meza,BrianMeza@gmail.com,Consumer
857,Mario,Price,MarioPrice@gmail.com,Corporate
858,Sean,Jenkins,SeanJenkins@gmail.com,Consumer
859,Edward,Lang,EdwardLang@gmail.com,Consumer
860,Donna,Smith,DonnaSmith@gmail.com,Consumer
861,Ashley,Schultz,AshleySchultz@gmail.com,Home Office
862,Rachel,Brown,RachelBrown@gmail.com,Home Office
863,Rebecca,Ortiz,RebeccaOrtiz@gmail.com,Corporate
864,Micheal,Delgado,MichealDelgado@gmail.com,Home Office
865,Deborah,Gallagher,DeborahGallagher@gmail.com,Home Office
866,Lisa,Costa,LisaCosta@gmail.com,Corporate
867,Emily,Lloyd,EmilyLloyd@gmail.com,Consumer
868,James,Schwartz,JamesSchwartz@gmail.com,Consumer
869,Kayla,Mitchell,KaylaMitchell@gmail.com,Corporate
870,Donna,Reynolds,DonnaReynolds@gmail.com,Home Office
871,Robert,Lee,RobertLee@gmail.com,Corporate
872,Courtney,Vasquez,CourtneyVasquez@gmail.com,Corporate
873,Kimberly,Howe,KimberlyHowe@gmail.com,Consumer
874,Daniel,Turner,DanielTurner@gmail.com,Consumer
875,Rose,Hunter,RoseHunter@gmail.com,Consumer
876,Frank,Morgan,FrankMorgan@gmail.com,Corporate
877,Marc,Dorsey,MarcDorsey@gmail.com,Consumer
878,Brett,Morse,BrettMorse@gmail.com,Corporate
879,Brian,Lynch,BrianLynch@gmail.com,Home Office
880,Jordan,Kelly,JordanKelly@gmail.com,Corporate
881,Patricia,Wheeler,PatriciaWheeler@gmail.com,Consumer
882,Ashley,Miles,AshleyMiles@gmail.com,Corporate
883,Kayla,Barrett,KaylaBarrett@gmail.com,Home Office
884,Laurie,Lee,LaurieLee@gmail.com,Corporate
885,Jennifer,Lee,JenniferLee@gmail.com,Consumer
886,Albert,Crawford,AlbertCrawford@gmail.com,Corporate
887,Tiffany,Green,TiffanyGreen@gmail.com,Corporate
888,Grace,Herrera,GraceHerrera@gmail.com,Corporate
889,William,Hernandez,WilliamHernandez@gmail.com,Home Office
890,Adam,Mays,AdamMays@gmail.com,Corporate
891,Robert,Vazquez,RobertVazquez@gmail.com,Consumer
892,Vickie,Thomas,VickieThomas@gmail.com,Home Office
893,Melissa,Bowman,MelissaBowman@gmail.com,Home Office
894,Lisa,Stout,LisaStout@gmail.com,Corporate
895,Amanda,Bennett,AmandaBennett@gmail.com,Home Office
896,Samantha,Torres,SamanthaTorres@gmail.com,Home Office
897,Micheal,Lewis,MichealLewis@gmail.com,Corporate
898,Gary,Scott,GaryScott@gmail.com,Consumer
899,Jill,Lee,JillLee@gmail.com,Home Office
900,David,Vargas,DavidVargas@gmail.com,Corporate
901,Lauren,Powell,LaurenPowell@gmail.com,Corporate
902,Jonathan,Cherry,JonathanCherry@gmail.com,Corporate
903,John,Blanchard,JohnBlanchard@gmail.com,Home Office
904,Thomas,Jones,ThomasJones@gmail.com,Consumer
905,Carrie,Shea,CarrieShea@gmail.com,Corporate
906,Juan,Porter,JuanPorter@gmail.com,Home Office
907,Nicole,Burns,NicoleBurns@gmail.com,Consumer
908,Benjamin,Martinez,BenjaminMartinez@gmail.com,Home Office
909,Michael,Long,MichaelLong@gmail.com,Consumer
910,Charles,Blair,CharlesBlair@gmail.com,Corporate
911,Derrick,Hood,DerrickHood@gmail.com,Consumer
912,Kristin,Mckinney,KristinMckinney@gmail.com,Consumer
913,Tyler,Underwood,TylerUnderwood@gmail.com,Consumer
914,Amanda,Hall,AmandaHall@gmail.com,Corporate
915,Tracy,White,TracyWhite@gmail.com,Consumer
916,Danielle,Francis,DanielleFrancis@gmail.com,Consumer
917,Christopher,King,ChristopherKing@gmail.com,Corporate
918,James,Rodriguez,JamesRodriguez@gmail.com,Home Office
919,Ryan,Blankenship,RyanBlankenship@gmail.com,Home Office
920,Alexis,Mullins,AlexisMullins@gmail.com,Home Office
921,Michael,Fernandez,MichaelFernandez@gmail.com,Consumer
922,William,Wilson,WilliamWilson@gmail.com,Corporate
923,Pamela,Mccarthy,PamelaMccarthy@gmail.com,Consumer
924,John,Alexander,JohnAlexander@gmail.com,Consumer
925,Mary,Jones,MaryJones@gmail.com,Consumer
926,Kristy,Phillips,KristyPhillips@gmail.com,Corporate
927,Robert,Ellis,RobertEllis@gmail.com,Corporate
928,Ashley,Miller,AshleyMiller@gmail.com,Consumer
929,Mark,Wallace,MarkWallace@gmail.com,Home Office
930,Briana,Holt,BrianaHolt@gmail.com,Home Office
931,Jacqueline,Fisher,JacquelineFisher@gmail.com,Corporate
932,Brian,Evans,BrianEvans@gmail.com,Consumer
933,Robert,Young,RobertYoung@gmail.com,Home Office
934,Erica,Brewer,EricaBrewer@gmail.com,Home Office
935,Mikayla,Martin,MikaylaMartin@gmail.com,Corporate
936,Donna,Weaver,DonnaWeaver@gmail.com,Consumer
937,Melanie,Cox,MelanieCox@gmail.com,Home Office
938,Mark,Shah,MarkShah@gmail.com,Home Office
939,Ricardo,Reed,RicardoReed@gmail.com,Consumer
940,Robert,Potts,RobertPotts@gmail.com,Home Office
941,Kelly,Medina,KellyMedina@gmail.com,Home Office
942,Gina,Collins,GinaCollins@gmail.com,Home Office
943,Jason,Sanchez,JasonSanchez@gmail.com,Consumer
944,Jennifer,Kelly,JenniferKelly@gmail.com,Corporate
945,Stephen,Smith,StephenSmith@gmail.com,Consumer
946,Aaron,Stevens,AaronStevens@gmail.com,Home Office
947,Christopher,Sullivan,ChristopherSullivan@gmail.com,Consumer
948,Maurice,Hunter,MauriceHunter@gmail.com,Home Office
949,Christopher,Nelson,ChristopherNelson@gmail.com,Corporate
950,Tracy,Watson,TracyWatson@gmail.com,Corporate
951,Joseph,Esparza,JosephEsparza@gmail.com,Consumer
952,Joshua,Dickerson,JoshuaDickerson@gmail.com,Corporate
953,Haley,Wade,HaleyWade@gmail.com,Home Office
954,Jessica,Baker,JessicaBaker@gmail.com,Home Office
955,Kristie,Olson,KristieOlson@gmail.com,Home Office
956,Leslie,Price,LesliePrice@gmail.com,Corporate
957,Eric,Nichols,EricNichols@gmail.com,Corporate
958,Katherine,Gardner,KatherineGardner@gmail.com,Corporate
959,Brian,Ross,BrianRoss@gmail.com,Consumer
960,Michael,Fischer,MichaelFischer@gmail.com,Consumer
961,Faith,Ramirez,FaithRamirez@gmail.com,Consumer
962,Debra,Washington,DebraWashington@gmail.com,Corporate
963,Kaylee,Mccarthy,KayleeMccarthy@gmail.com,Home Office
964,Gloria,Jones,GloriaJones@gmail.com,Consumer
965,Debra,Thompson,DebraThompson@gmail.com,Home Office
966,Jessica,Elliott,JessicaElliott@gmail.com,Consumer
967,Ryan,Lucas,RyanLucas@gmail.com,Home Office
968,Michael,Smith,MichaelSmith@gmail.com,Corporate
969,Ryan,Lewis,RyanLewis@gmail.com,Home Office
970,David,Cross,DavidCross@gmail.com,Consumer
971,Paul,Armstrong,PaulArmstrong@gmail.com,Consumer
972,Natasha,Garcia,NatashaGarcia@gmail.com,Consumer
973,Jennifer,Young,JenniferYoung@gmail.com,Home Office
974,Russell,Pratt,RussellPratt@gmail.com,Corporate
975,Lori,Fisher,LoriFisher@gmail.com,Home Office
976,Dana,Villanueva,DanaVillanueva@gmail.com,Corporate
977,Michael,Carey,MichaelCarey@gmail.com,Corporate
978,Deanna,Stanley,DeannaStanley@gmail.com,Consumer
979,Geoffrey,Padilla,GeoffreyPadilla@gmail.com,Corporate
980,Travis,Barber,TravisBarber@gmail.com,Corporate
981,Patricia,Guzman,PatriciaGuzman@gmail.com,Corporate
982,Heather,Miller,HeatherMiller@gmail.com,Home Office
983,Susan,Foster,SusanFoster@gmail.com,Corporate
984,Joshua,Weaver,JoshuaWeaver@gmail.com,Home Office
985,Maria,Stanley,MariaStanley@gmail.com,Home Office
986,Julie,Parker,JulieParker@gmail.com,Consumer
987,Christopher,Black,ChristopherBlack@gmail.com,Corporate
988,Lori,Hicks,LoriHicks@gmail.com,Corporate
989,Charles,Morrison,CharlesMorrison@gmail.com,Home Office
990,Jennifer,Moreno,JenniferMoreno@gmail.com,Corporate
991,Thomas,Simpson,ThomasSimpson@gmail.com,Home Office
992,Aaron,Campbell,AaronCampbell@gmail.com,Consumer
993,Kim,Sharp,KimSharp@gmail.com,Corporate
994,Jennifer,Williams,JenniferWilliams@gmail.com,Consumer
995,Thomas,Hodges,ThomasHodges@gmail.com,Corporate
996,Cynthia,Alvarez,CynthiaAlvarez@gmail.com,Corporate
997,Lynn,Newman,LynnNewman@gmail.com,Home Office
998,Jerry,Mata,JerryMata@gmail.com,Corporate
999,Samantha,Washington,SamanthaWashington@gmail.com,Corporate
1000,Eileen,Cooper,EileenCooper@gmail.com,Corporate
